User country;Nr. reviews;Nr. hotel reviews;Helpful votes;Score;Period of stay;Traveler type;Pool;Gym;Tennis court;Spa;Casino;Free internet;Hotel name;Hotel stars;Nr. rooms;User continent;Member years;Review month;Review weekday
USA;11;4;13;5;Dec-Feb;Friends;NO;YES;NO;NO;YES;YES;Circus Circus Hotel & Casino Las Vegas;3;3773;North America;9;January;Thursday
USA;119;21;75;3;Dec-Feb;Business;NO;YES;NO;NO;YES;YES;Circus Circus Hotel & Casino Las Vegas;3;3773;North America;3;January;Friday
USA;36;9;25;5;Mar-May;Families;NO;YES;NO;NO;YES;YES;Circus Circus Hotel & Casino Las Vegas;3;3773;North America;2;February;Saturday
UK;14;7;14;4;Mar-May;Friends;NO;YES;NO;NO;YES;YES;Circus Circus Hotel & Casino Las Vegas;3;3773;Europe;6;February;Friday
Canada;5;5;2;4;Mar-May;Solo;NO;YES;NO;NO;YES;YES;Circus Circus Hotel & Casino Las Vegas;3;3773;North America;7;March;Tuesday
Canada;31;8;27;3;Mar-May;Couples;NO;YES;NO;NO;YES;YES;Circus Circus Hotel & Casino Las Vegas;3;3773;North America;2;March;Tuesday
UK;45;12;46;4;Mar-May;Couples;NO;YES;NO;NO;YES;YES;Circus Circus Hotel & Casino Las Vegas;3;3773;Europe;4;April;Friday
USA;2;1;4;4;Mar-May;Families;NO;YES;NO;NO;YES;YES;Circus Circus Hotel & Casino Las Vegas;3;3773;North America;0;April;Tuesday
India;24;3;8;4;Mar-May;Friends;NO;YES;NO;NO;YES;YES;Circus Circus Hotel & Casino Las Vegas;3;3773;Asia;3;May;Saturday
Canada;12;7;11;3;Mar-May;Families;NO;YES;NO;NO;YES;YES;Circus Circus Hotel & Casino Las Vegas;3;3773;North America;5;May;Tuesday
USA;102;24;58;2;Jun-Aug;Families;NO;YES;NO;NO;YES;YES;Circus Circus Hotel & Casino Las Vegas;3;3773;North America;9;June;Friday
Australia;20;9;24;3;Jun-Aug;Friends;NO;YES;NO;NO;YES;YES;Circus Circus Hotel & Casino Las Vegas;3;3773;Oceania;4;June;Saturday
USA;7;6;9;2;Jun-Aug;Friends;NO;YES;NO;NO;YES;YES;Circus Circus Hotel & Casino Las Vegas;3;3773;North America;1;July;Wednesday
USA;22;5;13;3;Jun-Aug;Friends;NO;YES;NO;NO;YES;YES;Circus Circus Hotel & Casino Las Vegas;3;3773;North America;1;July;Thursday
UK;3;3;0;3;Jun-Aug;Friends;NO;YES;NO;NO;YES;YES;Circus Circus Hotel & Casino Las Vegas;3;3773;Europe;1;August;Sunday
New Zeland;146;17;33;4;Jun-Aug;Families;NO;YES;NO;NO;YES;YES;Circus Circus Hotel & Casino Las Vegas;3;3773;Oceania;2;August;Saturday
Canada;8;8;9;1;Sep-Nov;Families;NO;YES;NO;NO;YES;YES;Circus Circus Hotel & Casino Las Vegas;3;3773;North America;4;September;Wednesday
USA;9;3;1;4;Sep-Nov;Families;NO;YES;NO;NO;YES;YES;Circus Circus Hotel & Casino Las Vegas;3;3773;North America;2;September;Saturday
Canada;41;9;19;3;Sep-Nov;Couples;NO;YES;NO;NO;YES;YES;Circus Circus Hotel & Casino Las Vegas;3;3773;North America;2;October;Tuesday
USA;8;7;26;2;Sep-Nov;Couples;NO;YES;NO;NO;YES;YES;Circus Circus Hotel & Casino Las Vegas;3;3773;North America;10;October;Monday
UK;10;5;2;4;Sep-Nov;Couples;NO;YES;NO;NO;YES;YES;Circus Circus Hotel & Casino Las Vegas;3;3773;Europe;7;November;Saturday
New Zeland;4;3;3;1;Sep-Nov;Couples;NO;YES;NO;NO;YES;YES;Circus Circus Hotel & Casino Las Vegas;3;3773;Oceania;3;November;Monday
UK;18;7;19;4;Dec-Feb;Families;NO;YES;NO;NO;YES;YES;Circus Circus Hotel & Casino Las Vegas;3;3773;Europe;0;December;Saturday
USA;4;4;3;2;Dec-Feb;Couples;NO;YES;NO;NO;YES;YES;Circus Circus Hotel & Casino Las Vegas;3;3773;North America;5;December;Sunday
Ireland;29;11;15;4;Dec-Feb;Couples;YES;YES;NO;YES;YES;YES;Excalibur Hotel & Casino;3;3981;Europe;3;January;Monday
USA;114;42;52;4;Dec-Feb;Business;YES;YES;NO;YES;YES;YES;Excalibur Hotel & Casino;3;3981;North America;11;January;Saturday
Canada;30;12;17;5;Dec-Feb;Couples;YES;YES;NO;YES;YES;YES;Excalibur Hotel & Casino;3;3981;North America;8;February;Friday
UK;87;18;36;3;Dec-Feb;Business;YES;YES;NO;YES;YES;YES;Excalibur Hotel & Casino;3;3981;Europe;3;February;Thursday
USA;26;10;28;5;Mar-May;Solo;YES;YES;NO;YES;YES;YES;Excalibur Hotel & Casino;3;3981;North America;1;March;Wednesday
Ireland;8;7;9;5;Mar-May;Couples;YES;YES;NO;YES;YES;YES;Excalibur Hotel & Casino;3;3981;Europe;8;March;Wednesday
Canada;11;8;13;5;Mar-May;Couples;YES;YES;NO;YES;YES;YES;Excalibur Hotel & Casino;3;3981;North America;7;April;Friday
Australia;4;3;2;3;Mar-May;Couples;YES;YES;NO;YES;YES;YES;Excalibur Hotel & Casino;3;3981;Oceania;0;April;Friday
Canada;56;8;7;3;Mar-May;Solo;YES;YES;NO;YES;YES;YES;Excalibur Hotel & Casino;3;3981;North America;1;May;Tuesday
Egypt;13;12;8;3;Mar-May;Friends;YES;YES;NO;YES;YES;YES;Excalibur Hotel & Casino;3;3981;Africa;4;May;Wednesday
Australia;58;9;15;4;Jun-Aug;Couples;YES;YES;NO;YES;YES;YES;Excalibur Hotel & Casino;3;3981;Oceania;0;June;Saturday
Finland;20;7;4;3;Jun-Aug;Couples;YES;YES;NO;YES;YES;YES;Excalibur Hotel & Casino;3;3981;Europe;6;June;Saturday
USA;70;27;24;4;Jun-Aug;Friends;YES;YES;NO;YES;YES;YES;Excalibur Hotel & Casino;3;3981;North America;6;July;Friday
Kenya;6;3;7;4;Jun-Aug;Friends;YES;YES;NO;YES;YES;YES;Excalibur Hotel & Casino;3;3981;Africa;1;July;Thursday
USA;290;263;299;4;Jun-Aug;Couples;YES;YES;NO;YES;YES;YES;Excalibur Hotel & Casino;3;3981;North America;10;August;Monday
USA;24;6;9;2;Jun-Aug;Families;YES;YES;NO;YES;YES;YES;Excalibur Hotel & Casino;3;3981;North America;2;August;Wednesday
Jordan;29;8;21;3;Sep-Nov;Business;YES;YES;NO;YES;YES;YES;Excalibur Hotel & Casino;3;3981;Europe;2;September;Wednesday
Canada;20;5;59;3;Sep-Nov;Couples;YES;YES;NO;YES;YES;YES;Excalibur Hotel & Casino;3;3981;North America;8;September;Saturday
Netherlands;3;3;3;3;Sep-Nov;Families;YES;YES;NO;YES;YES;YES;Excalibur Hotel & Casino;3;3981;Europe;4;October;Saturday
Ireland;47;6;27;4;Sep-Nov;Friends;YES;YES;NO;YES;YES;YES;Excalibur Hotel & Casino;3;3981;Europe;5;October;Monday
USA;35;8;19;4;Sep-Nov;Families;YES;YES;NO;YES;YES;YES;Excalibur Hotel & Casino;3;3981;North America;6;November;Sunday
UK;6;0;4;4;Sep-Nov;Friends;YES;YES;NO;YES;YES;YES;Excalibur Hotel & Casino;3;3981;Europe;1;November;Sunday
UK;74;47;54;4;Dec-Feb;Couples;YES;YES;NO;YES;YES;YES;Excalibur Hotel & Casino;3;3981;Europe;7;December;Wednesday
Syria;34;8;30;3;Dec-Feb;Solo;YES;YES;NO;YES;YES;YES;Excalibur Hotel & Casino;3;3981;Asia;4;December;Tuesday
UK;576;43;340;3;Dec-Feb;Couples;YES;YES;NO;YES;YES;NO;Monte Carlo Resort&Casino;4;3003;Europe;3;January;Monday
USA;20;8;11;4;Dec-Feb;Solo;YES;YES;NO;YES;YES;NO;Monte Carlo Resort&Casino;4;3003;North America;5;January;Saturday
USA;418;32;132;2;Dec-Feb;Couples;YES;YES;NO;YES;YES;NO;Monte Carlo Resort&Casino;4;3003;North America;3;February;Tuesday
USA;73;13;22;4;Dec-Feb;Couples;YES;YES;NO;YES;YES;NO;Monte Carlo Resort&Casino;4;3003;North America;2;February;Tuesday
Canada;30;10;32;3;Mar-May;Couples;YES;YES;NO;YES;YES;NO;Monte Carlo Resort&Casino;4;3003;North America;2;March;Wednesday
USA;63;15;17;4;Mar-May;Business;YES;YES;NO;YES;YES;NO;Monte Carlo Resort&Casino;4;3003;North America;2;March;Tuesday
Scotland;24;10;13;5;Mar-May;Couples;YES;YES;NO;YES;YES;NO;Monte Carlo Resort&Casino;4;3003;Europe;5;April;Wednesday
South Africa;54;18;16;2;Mar-May;Business;YES;YES;NO;YES;YES;NO;Monte Carlo Resort&Casino;4;3003;Africa;5;April;Tuesday
Australia;20;7;11;4;Mar-May;Couples;YES;YES;NO;YES;YES;NO;Monte Carlo Resort&Casino;4;3003;Oceania;2;May;Friday
UK;41;7;24;4;Mar-May;Couples;YES;YES;NO;YES;YES;NO;Monte Carlo Resort&Casino;4;3003;Europe;3;May;Monday
Ireland;7;5;7;4;Jun-Aug;Couples;YES;YES;NO;YES;YES;NO;Monte Carlo Resort&Casino;4;3003;Europe;9;June;Tuesday
Canada;13;9;15;4;Jun-Aug;Friends;YES;YES;NO;YES;YES;NO;Monte Carlo Resort&Casino;4;3003;North America;1;June;Monday
UK;10;5;4;4;Jun-Aug;Families;YES;YES;NO;YES;YES;NO;Monte Carlo Resort&Casino;4;3003;Europe;1;July;Friday
New Zeland;9;6;19;3;Jun-Aug;Couples;YES;YES;NO;YES;YES;NO;Monte Carlo Resort&Casino;4;3003;Oceania;7;July;Wednesday
Swiss;36;19;36;2;Jun-Aug;Solo;YES;YES;NO;YES;YES;NO;Monte Carlo Resort&Casino;4;3003;Europe;5;August;Thursday
UK;33;12;19;3;Jun-Aug;Families;YES;YES;NO;YES;YES;NO;Monte Carlo Resort&Casino;4;3003;Europe;5;August;Saturday
United Arab Emirates;156;126;142;3;Sep-Nov;Friends;YES;YES;NO;YES;YES;NO;Monte Carlo Resort&Casino;4;3003;Asia;8;September;Friday
Ireland;19;17;16;4;Sep-Nov;Couples;YES;YES;NO;YES;YES;NO;Monte Carlo Resort&Casino;4;3003;Europe;5;September;Wednesday
USA;23;17;11;3;Sep-Nov;Families;YES;YES;NO;YES;YES;NO;Monte Carlo Resort&Casino;4;3003;North America;1;October;Friday
USA;13;3;3;2;Sep-Nov;Couples;YES;YES;NO;YES;YES;NO;Monte Carlo Resort&Casino;4;3003;North America;1;October;Sunday
Hungary;8;5;8;4;Sep-Nov;Couples;YES;YES;NO;YES;YES;NO;Monte Carlo Resort&Casino;4;3003;Europe;8;November;Friday
China;1;0;2;1;Sep-Nov;Business;YES;YES;NO;YES;YES;NO;Monte Carlo Resort&Casino;4;3003;Asia;0;November;Wednesday
Greece;21;18;6;2;Dec-Feb;Business;YES;YES;NO;YES;YES;NO;Monte Carlo Resort&Casino;4;3003;Europe;0;December;Sunday
Mexico;56;14;36;5;Dec-Feb;Couples;YES;YES;NO;YES;YES;NO;Monte Carlo Resort&Casino;4;3003;North America;3;December;Monday
Croatia;29;11;14;3;Dec-Feb;Business;YES;YES;YES;YES;YES;YES;Treasure Island- TI Hotel & Casino;4;2884;Europe;6;January;Sunday
Australia;11;5;8;4;Dec-Feb;Couples;YES;YES;YES;YES;YES;YES;Treasure Island- TI Hotel & Casino;4;2884;Oceania;1;January;Thursday
Canada;19;12;167;4;Dec-Feb;Friends;YES;YES;YES;YES;YES;YES;Treasure Island- TI Hotel & Casino;4;2884;North America;9;February;Monday
USA;17;9;16;5;Dec-Feb;Solo;YES;YES;YES;YES;YES;YES;Treasure Island- TI Hotel & Casino;4;2884;North America;-1806;February;Monday
USA;43;8;20;4;Mar-May;Couples;YES;YES;YES;YES;YES;YES;Treasure Island- TI Hotel & Casino;4;2884;North America;1;March;Friday
Canada;12;8;3;4;Mar-May;Friends;YES;YES;YES;YES;YES;YES;Treasure Island- TI Hotel & Casino;4;2884;North America;2;March;Saturday
USA;15;14;7;4;Mar-May;Friends;YES;YES;YES;YES;YES;YES;Treasure Island- TI Hotel & Casino;4;2884;North America;9;April;Tuesday
Australia;16;13;16;3;Mar-May;Families;YES;YES;YES;YES;YES;YES;Treasure Island- TI Hotel & Casino;4;2884;Oceania;6;April;Wednesday
India;12;4;25;3;Mar-May;Families;YES;YES;YES;YES;YES;YES;Treasure Island- TI Hotel & Casino;4;2884;Asia;1;May;Friday
Germany;10;0;5;4;Mar-May;Friends;YES;YES;YES;YES;YES;YES;Treasure Island- TI Hotel & Casino;4;2884;Europe;3;May;Sunday
USA;27;17;16;3;Jun-Aug;Families;YES;YES;YES;YES;YES;YES;Treasure Island- TI Hotel & Casino;4;2884;North America;6;June;Thursday
Canada;6;5;5;4;Jun-Aug;Couples;YES;YES;YES;YES;YES;YES;Treasure Island- TI Hotel & Casino;4;2884;North America;2;June;Tuesday
Australia;21;20;14;5;Jun-Aug;Couples;YES;YES;YES;YES;YES;YES;Treasure Island- TI Hotel & Casino;4;2884;Oceania;3;July;Wednesday
Malaysia;43;14;27;4;Jun-Aug;Solo;YES;YES;YES;YES;YES;YES;Treasure Island- TI Hotel & Casino;4;2884;Asia;5;July;Thursday
Mexico;97;31;37;4;Jun-Aug;Couples;YES;YES;YES;YES;YES;YES;Treasure Island- TI Hotel & Casino;4;2884;South America;8;August;Saturday
UK;7;3;4;4;Jun-Aug;Couples;YES;YES;YES;YES;YES;YES;Treasure Island- TI Hotel & Casino;4;2884;Europe;5;August;Friday
UK;11;9;6;3;Sep-Nov;Couples;YES;YES;YES;YES;YES;YES;Treasure Island- TI Hotel & Casino;4;2884;Europe;0;September;Friday
USA;78;11;30;4;Sep-Nov;Business;YES;YES;YES;YES;YES;YES;Treasure Island- TI Hotel & Casino;4;2884;North America;2;September;Tuesday
Australia;12;7;4;5;Sep-Nov;Families;YES;YES;YES;YES;YES;YES;Treasure Island- TI Hotel & Casino;4;2884;Oceania;5;October;Monday
USA;27;11;5;3;Sep-Nov;Couples;YES;YES;YES;YES;YES;YES;Treasure Island- TI Hotel & Casino;4;2884;North America;2;October;Monday
Thailand;4;3;1;5;Sep-Nov;Couples;YES;YES;YES;YES;YES;YES;Treasure Island- TI Hotel & Casino;4;2884;Asia;7;November;Friday
Australia;27;9;8;4;Sep-Nov;Families;YES;YES;YES;YES;YES;YES;Treasure Island- TI Hotel & Casino;4;2884;Oceania;2;November;Friday
Canada;12;3;7;4;Dec-Feb;Friends;YES;YES;YES;YES;YES;YES;Treasure Island- TI Hotel & Casino;4;2884;North America;4;December;Saturday
Canada;21;16;48;5;Dec-Feb;Couples;YES;YES;YES;YES;YES;YES;Treasure Island- TI Hotel & Casino;4;2884;North America;12;December;Thursday
UK;34;17;30;4;Dec-Feb;Families;YES;YES;YES;YES;YES;YES;Tropicana Las Vegas - A Double Tree by Hilton Hotel;4;1467;Europe;8;January;Sunday
USA;12;6;1;5;Dec-Feb;Friends;YES;YES;YES;YES;YES;YES;Tropicana Las Vegas - A Double Tree by Hilton Hotel;4;1467;North America;2;January;Sunday
Phillippines;79;39;51;3;Dec-Feb;Couples;YES;YES;YES;YES;YES;YES;Tropicana Las Vegas - A Double Tree by Hilton Hotel;4;1467;Asia;5;February;Wednesday
Israel;18;10;16;3;Dec-Feb;Business;YES;YES;YES;YES;YES;YES;Tropicana Las Vegas - A Double Tree by Hilton Hotel;4;1467;Asia;2;February;Thursday
Canada;13;3;8;4;Mar-May;Business;YES;YES;YES;YES;YES;YES;Tropicana Las Vegas - A Double Tree by Hilton Hotel;4;1467;North America;3;March;Wednesday
UK;14;4;9;4;Mar-May;Couples;YES;YES;YES;YES;YES;YES;Tropicana Las Vegas - A Double Tree by Hilton Hotel;4;1467;Europe;1;March;Friday
Ireland;19;9;28;5;Mar-May;Couples;YES;YES;YES;YES;YES;YES;Tropicana Las Vegas - A Double Tree by Hilton Hotel;4;1467;Europe;3;April;Friday
India ;88;15;103;4;Mar-May;Business;YES;YES;YES;YES;YES;YES;Tropicana Las Vegas - A Double Tree by Hilton Hotel;4;1467;Asia;3;April;Monday
New Zeland;8;4;0;4;Mar-May;Couples;YES;YES;YES;YES;YES;YES;Tropicana Las Vegas - A Double Tree by Hilton Hotel;4;1467;Oceania;1;May;Tuesday
Belgium;39;15;31;3;Mar-May;Friends;YES;YES;YES;YES;YES;YES;Tropicana Las Vegas - A Double Tree by Hilton Hotel;4;1467;Europe;1;May;Sunday
UK;130;41;61;4;Jun-Aug;Business;YES;YES;YES;YES;YES;YES;Tropicana Las Vegas - A Double Tree by Hilton Hotel;4;1467;Europe;3;June;Tuesday
Australia;79;78;105;4;Jun-Aug;Friends;YES;YES;YES;YES;YES;YES;Tropicana Las Vegas - A Double Tree by Hilton Hotel;4;1467;Oceania;7;June;Wednesday
UK;13;10;16;4;Jun-Aug;Solo;YES;YES;YES;YES;YES;YES;Tropicana Las Vegas - A Double Tree by Hilton Hotel;4;1467;Europe;10;July;Wednesday
UK;18;6;17;4;Jun-Aug;Couples;YES;YES;YES;YES;YES;YES;Tropicana Las Vegas - A Double Tree by Hilton Hotel;4;1467;Europe;1;July;Monday
New Zeland;8;7;3;5;Jun-Aug;Friends;YES;YES;YES;YES;YES;YES;Tropicana Las Vegas - A Double Tree by Hilton Hotel;4;1467;Oceania;1;August;Saturday
Australia;15;4;6;5;Jun-Aug;Couples;YES;YES;YES;YES;YES;YES;Tropicana Las Vegas - A Double Tree by Hilton Hotel;4;1467;Oceania;0;August;Friday
Canada;27;0;9;1;Sep-Nov;Couples;YES;YES;YES;YES;YES;YES;Tropicana Las Vegas - A Double Tree by Hilton Hotel;4;1467;North America;0;September;Tuesday
Australia;5;3;2;5;Sep-Nov;Couples;YES;YES;YES;YES;YES;YES;Tropicana Las Vegas - A Double Tree by Hilton Hotel;4;1467;Oceania;5;September;Wednesday
UK;22;6;6;5;Sep-Nov;Friends;YES;YES;YES;YES;YES;YES;Tropicana Las Vegas - A Double Tree by Hilton Hotel;4;1467;Europe;1;October;Tuesday
USA;5;3;11;2;Sep-Nov;Friends;YES;YES;YES;YES;YES;YES;Tropicana Las Vegas - A Double Tree by Hilton Hotel;4;1467;North America;1;October;Thursday
India;31;8;11;4;Sep-Nov;Solo;YES;YES;YES;YES;YES;YES;Tropicana Las Vegas - A Double Tree by Hilton Hotel;4;1467;Asia;1;November;Sunday
Netherlands;33;8;8;5;Sep-Nov;Friends;YES;YES;YES;YES;YES;YES;Tropicana Las Vegas - A Double Tree by Hilton Hotel;4;1467;Europe;7;November;Saturday
UK;10;6;11;5;Dec-Feb;Couples;YES;YES;YES;YES;YES;YES;Tropicana Las Vegas - A Double Tree by Hilton Hotel;4;1467;Europe;4;December;Saturday
UK;12;3;3;5;Dec-Feb;Families;YES;YES;YES;YES;YES;YES;Tropicana Las Vegas - A Double Tree by Hilton Hotel;4;1467;Europe;4;December;Thursday
USA;50;14;24;5;Dec-Feb;Friends;YES;YES;NO;YES;YES;YES;Caesars Palace;5;3348;North America;7;January;Wednesday
USA;161;33;85;4;Dec-Feb;Couples;YES;YES;NO;YES;YES;YES;Caesars Palace;5;3348;North America;3;January;Friday
Puerto Rico;153;38;81;5;Dec-Feb;Families;YES;YES;NO;YES;YES;YES;Caesars Palace;5;3348;North America;10;February;Tuesday
Canada;14;3;12;5;Dec-Feb;Families;YES;YES;NO;YES;YES;YES;Caesars Palace;5;3348;North America;2;February;Thursday
USA;31;12;10;5;Mar-May;Families;YES;YES;NO;YES;YES;YES;Caesars Palace;5;3348;North America;4;March;Friday
USA;15;10;29;3;Mar-May;Families;YES;YES;NO;YES;YES;YES;Caesars Palace;5;3348;North America;9;March;Friday
Canada;5;5;4;5;Mar-May;Couples;YES;YES;NO;YES;YES;YES;Caesars Palace;5;3348;North America;3;April;Thursday
USA;46;4;21;4;Mar-May;Couples;YES;YES;NO;YES;YES;YES;Caesars Palace;5;3348;North America;2;April;Saturday
UK;15;6;39;1;Mar-May;Couples;YES;YES;NO;YES;YES;YES;Caesars Palace;5;3348;Europe;4;May;Sunday
UK;63;27;35;4;Mar-May;Couples;YES;YES;NO;YES;YES;YES;Caesars Palace;5;3348;Europe;5;May;Wednesday
USA;17;15;13;4;Jun-Aug;Couples;YES;YES;NO;YES;YES;YES;Caesars Palace;5;3348;North America;2;June;Sunday
USA;25;22;36;1;Jun-Aug;Solo;YES;YES;NO;YES;YES;YES;Caesars Palace;5;3348;North America;9;June;Tuesday
USA;14;8;4;5;Jun-Aug;Couples;YES;YES;NO;YES;YES;YES;Caesars Palace;5;3348;North America;1;July;Monday
UK;59;56;37;3;Jun-Aug;Families;YES;YES;NO;YES;YES;YES;Caesars Palace;5;3348;Europe;6;July;Tuesday
UK;11;10;17;5;Jun-Aug;Families;YES;YES;NO;YES;YES;YES;Caesars Palace;5;3348;Europe;3;August;Friday
Canada;54;18;31;4;Jun-Aug;Friends;YES;YES;NO;YES;YES;YES;Caesars Palace;5;3348;North America;5;August;Wednesday
USA;4;3;4;5;Sep-Nov;Couples;YES;YES;NO;YES;YES;YES;Caesars Palace;5;3348;North America;3;September;Monday
USA;10;7;7;5;Sep-Nov;Couples;YES;YES;NO;YES;YES;YES;Caesars Palace;5;3348;North America;3;September;Tuesday
USA;14;6;7;5;Sep-Nov;Business;YES;YES;NO;YES;YES;YES;Caesars Palace;5;3348;North America;11;October;Sunday
USA;39;12;16;5;Sep-Nov;Friends;YES;YES;NO;YES;YES;YES;Caesars Palace;5;3348;North America;2;October;Thursday
Australia;35;24;43;5;Sep-Nov;Couples;YES;YES;NO;YES;YES;YES;Caesars Palace;5;3348;Oceania;4;November;Sunday
Australia;6;6;9;3;Sep-Nov;Families;YES;YES;NO;YES;YES;YES;Caesars Palace;5;3348;Oceania;0;November;Sunday
USA;23;7;2;4;Dec-Feb;Families;YES;YES;NO;YES;YES;YES;Caesars Palace;5;3348;North America;3;December;Friday
USA;48;21;67;4;Dec-Feb;Couples;YES;YES;NO;YES;YES;YES;Caesars Palace;5;3348;North America;13;December;Sunday
Australia;16;9;14;4;Dec-Feb;Friends;YES;YES;NO;YES;YES;YES;The Cosmopolitan Las Vegas;5;2959;Oceania;3;January;Thursday
Australia;12;6;3;5;Dec-Feb;Friends;YES;YES;NO;YES;YES;YES;The Cosmopolitan Las Vegas;5;2959;Oceania;1;January;Thursday
Switzerland;36;9;15;4;Dec-Feb;Friends;YES;YES;NO;YES;YES;YES;The Cosmopolitan Las Vegas;5;2959;Europe;2;February;Saturday
UK;127;40;80;5;Dec-Feb;Couples;YES;YES;NO;YES;YES;YES;The Cosmopolitan Las Vegas;5;2959;Europe;8;February;Wednesday
USA;12;5;1;5;Mar-May;Couples;YES;YES;NO;YES;YES;YES;The Cosmopolitan Las Vegas;5;2959;North America;1;March;Monday
USA;17;17;74;5;Mar-May;Couples;YES;YES;NO;YES;YES;YES;The Cosmopolitan Las Vegas;5;2959;North America;10;March;Saturday
Ireland;23;7;21;4;Mar-May;Friends;YES;YES;NO;YES;YES;YES;The Cosmopolitan Las Vegas;5;2959;Europe;7;April;Thursday
USA;102;17;45;5;Mar-May;Business;YES;YES;NO;YES;YES;YES;The Cosmopolitan Las Vegas;5;2959;North America;2;April;Monday
Germany;113;15;55;5;Mar-May;Families;YES;YES;NO;YES;YES;YES;The Cosmopolitan Las Vegas;5;2959;Europe;8;May;Thursday
USA;30;8;10;2;Mar-May;Business;YES;YES;NO;YES;YES;YES;The Cosmopolitan Las Vegas;5;2959;North America;1;May;Wednesday
Germany;24;24;24;2;Jun-Aug;Couples;YES;YES;NO;YES;YES;YES;The Cosmopolitan Las Vegas;5;2959;Europe;7;June;Wednesday
Ireland;15;5;18;5;Jun-Aug;Friends;YES;YES;NO;YES;YES;YES;The Cosmopolitan Las Vegas;5;2959;Europe;3;June;Wednesday
USA;6;4;14;1;Jun-Aug;Business;YES;YES;NO;YES;YES;YES;The Cosmopolitan Las Vegas;5;2959;North America;1;July;Wednesday
Australia;3;3;0;4;Jun-Aug;Friends;YES;YES;NO;YES;YES;YES;The Cosmopolitan Las Vegas;5;2959;Oceania;7;July;Tuesday
Canada;41;10;56;5;Jun-Aug;Families;YES;YES;NO;YES;YES;YES;The Cosmopolitan Las Vegas;5;2959;North America;4;August;Saturday
USA;19;8;56;4;Jun-Aug;Couples;YES;YES;NO;YES;YES;YES;The Cosmopolitan Las Vegas;5;2959;North America;10;August;Sunday
UK;18;9;10;5;Sep-Nov;Couples;YES;YES;NO;YES;YES;YES;The Cosmopolitan Las Vegas;5;2959;Europe;1;September;Wednesday
Norway;6;6;7;5;Sep-Nov;Couples;YES;YES;NO;YES;YES;YES;The Cosmopolitan Las Vegas;5;2959;Europe;7;September;Tuesday
USA;103;5;98;5;Sep-Nov;Couples;YES;YES;NO;YES;YES;YES;The Cosmopolitan Las Vegas;5;2959;North America;7;October;Monday
UK;18;4;16;5;Sep-Nov;Friends;YES;YES;NO;YES;YES;YES;The Cosmopolitan Las Vegas;5;2959;Europe;0;October;Friday
Egypt;9;7;7;5;Sep-Nov;Business;YES;YES;NO;YES;YES;YES;The Cosmopolitan Las Vegas;5;2959;Africa;5;November;Wednesday
USA;50;19;45;5;Sep-Nov;Business;YES;YES;NO;YES;YES;YES;The Cosmopolitan Las Vegas;5;2959;North America;0;November;Friday
Canada;4;3;8;2;Dec-Feb;Couples;YES;YES;NO;YES;YES;YES;The Cosmopolitan Las Vegas;5;2959;North America;8;December;Tuesday
USA;7;3;8;5;Dec-Feb;Families;YES;YES;NO;YES;YES;YES;The Cosmopolitan Las Vegas;5;2959;North America;5;December;Sunday
Mexico;28;23;31;3;Dec-Feb;Couples;YES;YES;NO;YES;YES;YES;The Palazzo Resort Hotel Casino;5;3025;North America;4;January;Friday
USA;32;6;11;5;Dec-Feb;Families;YES;YES;NO;YES;YES;YES;The Palazzo Resort Hotel Casino;5;3025;North America;10;January;Friday
Canada;4;0;4;5;Dec-Feb;Couples;YES;YES;NO;YES;YES;YES;The Palazzo Resort Hotel Casino;5;3025;North America;9;February;Friday
USA;37;8;9;4;Dec-Feb;Couples;YES;YES;NO;YES;YES;YES;The Palazzo Resort Hotel Casino;5;3025;North America;3;February;Tuesday
Canada;10;3;7;5;Mar-May;Families;YES;YES;NO;YES;YES;YES;The Palazzo Resort Hotel Casino;5;3025;North America;6;March;Wednesday
Canada;36;30;80;5;Mar-May;Families;YES;YES;NO;YES;YES;YES;The Palazzo Resort Hotel Casino;5;3025;North America;8;March;Friday
USA;31;10;14;4;Mar-May;Couples;YES;YES;NO;YES;YES;YES;The Palazzo Resort Hotel Casino;5;3025;North America;5;April;Sunday
Canada;66;33;60;5;Mar-May;Couples;YES;YES;NO;YES;YES;YES;The Palazzo Resort Hotel Casino;5;3025;North America;10;April;Saturday
France;17;4;8;5;Mar-May;Couples;YES;YES;NO;YES;YES;YES;The Palazzo Resort Hotel Casino;5;3025;Europe;0;May;Saturday
UK;57;20;71;5;Mar-May;Business;YES;YES;NO;YES;YES;YES;The Palazzo Resort Hotel Casino;5;3025;Europe;0;May;Friday
USA;42;8;22;4;Jun-Aug;Friends;YES;YES;NO;YES;YES;YES;The Palazzo Resort Hotel Casino;5;3025;North America;6;June;Monday
USA;28;20;14;3;Jun-Aug;Couples;YES;YES;NO;YES;YES;YES;The Palazzo Resort Hotel Casino;5;3025;North America;8;June;Friday
Spain;19;8;10;4;Jun-Aug;Friends;YES;YES;NO;YES;YES;YES;The Palazzo Resort Hotel Casino;5;3025;Europe;3;July;Wednesday
USA;20;11;21;5;Jun-Aug;Families;YES;YES;NO;YES;YES;YES;The Palazzo Resort Hotel Casino;5;3025;North America;9;July;Friday
UK;75;19;93;4;Jun-Aug;Friends;YES;YES;NO;YES;YES;YES;The Palazzo Resort Hotel Casino;5;3025;Europe;8;August;Sunday
USA;91;16;26;4;Jun-Aug;Business;YES;YES;NO;YES;YES;YES;The Palazzo Resort Hotel Casino;5;3025;North America;3;August;Wednesday
UK;52;48;78;3;Sep-Nov;Friends;YES;YES;NO;YES;YES;YES;The Palazzo Resort Hotel Casino;5;3025;Europe;8;September;Saturday
USA;93;4;8;5;Sep-Nov;Families;YES;YES;NO;YES;YES;YES;The Palazzo Resort Hotel Casino;5;3025;North America;2;September;Saturday
Canada;9;3;15;5;Sep-Nov;Families;YES;YES;NO;YES;YES;YES;The Palazzo Resort Hotel Casino;5;3025;North America;1;October;Wednesday
Australia;5;3;9;5;Sep-Nov;Couples;YES;YES;NO;YES;YES;YES;The Palazzo Resort Hotel Casino;5;3025;Oceania;2;October;Thursday
Singapore;37;7;10;5;Sep-Nov;Friends;YES;YES;NO;YES;YES;YES;The Palazzo Resort Hotel Casino;5;3025;Asia;0;November;Sunday
Brazil;31;25;35;3;Sep-Nov;Families;YES;YES;NO;YES;YES;YES;The Palazzo Resort Hotel Casino;5;3025;South America;7;November;Sunday
USA;6;4;4;5;Dec-Feb;Couples;YES;YES;NO;YES;YES;YES;The Palazzo Resort Hotel Casino;5;3025;North America;7;December;Thursday
USA;252;55;113;4;Dec-Feb;Families;YES;YES;NO;YES;YES;YES;The Palazzo Resort Hotel Casino;5;3025;North America;8;December;Monday
USA;164;48;82;5;Dec-Feb;Couples;YES;YES;YES;YES;YES;YES;Wynn Las Vegas;5;2700;North America;4;January;Saturday
USA;5;3;9;5;Dec-Feb;Families;YES;YES;YES;YES;YES;YES;Wynn Las Vegas;5;2700;North America;4;January;Tuesday
Canada;7;5;20;4;Dec-Feb;Couples;YES;YES;YES;YES;YES;YES;Wynn Las Vegas;5;2700;North America;3;February;Saturday
USA;18;11;15;5;Dec-Feb;Couples;YES;YES;YES;YES;YES;YES;Wynn Las Vegas;5;2700;North America;7;February;Tuesday
USA;20;13;16;5;Mar-May;Friends;YES;YES;YES;YES;YES;YES;Wynn Las Vegas;5;2700;North America;6;March;Friday
USA;21;5;12;4;Mar-May;Business;YES;YES;YES;YES;YES;YES;Wynn Las Vegas;5;2700;North America;8;March;Monday
USA;125;35;48;5;Mar-May;Business;YES;YES;YES;YES;YES;YES;Wynn Las Vegas;5;2700;North America;4;April;Sunday
USA;11;7;10;4;Mar-May;Couples;YES;YES;YES;YES;YES;YES;Wynn Las Vegas;5;2700;North America;1;April;Monday
Singapore;16;10;16;3;Mar-May;Solo;YES;YES;YES;YES;YES;YES;Wynn Las Vegas;5;2700;Asia;7;May;Monday
UK;19;5;5;5;Mar-May;Couples;YES;YES;YES;YES;YES;YES;Wynn Las Vegas;5;2700;Europe;3;May;Monday
USA;73;27;365;5;Jun-Aug;Couples;YES;YES;YES;YES;YES;YES;Wynn Las Vegas;5;2700;North America;6;June;Wednesday
USA;5;4;4;5;Jun-Aug;Couples;YES;YES;YES;YES;YES;YES;Wynn Las Vegas;5;2700;North America;11;June;Wednesday
USA;30;10;17;5;Jun-Aug;Couples;YES;YES;YES;YES;YES;YES;Wynn Las Vegas;5;2700;North America;3;July;Monday
Canada;7;4;10;5;Jun-Aug;Couples;YES;YES;YES;YES;YES;YES;Wynn Las Vegas;5;2700;North America;3;July;Sunday
Canada;67;46;99;5;Jun-Aug;Couples;YES;YES;YES;YES;YES;YES;Wynn Las Vegas;5;2700;North America;6;August;Sunday
Finland;18;13;25;5;Jun-Aug;Solo;YES;YES;YES;YES;YES;YES;Wynn Las Vegas;5;2700;Europe;9;August;Saturday
Canada;12;7;11;2;Sep-Nov;Business;YES;YES;YES;YES;YES;YES;Wynn Las Vegas;5;2700;North America;4;September;Monday
Canada;40;12;26;5;Sep-Nov;Friends;YES;YES;YES;YES;YES;YES;Wynn Las Vegas;5;2700;North America;7;September;Saturday
USA;142;17;31;4;Sep-Nov;Couples;YES;YES;YES;YES;YES;YES;Wynn Las Vegas;5;2700;North America;3;October;Monday
UK;8;4;16;5;Sep-Nov;Couples;YES;YES;YES;YES;YES;YES;Wynn Las Vegas;5;2700;Europe;7;October;Saturday
Costa Rica;15;9;3;5;Sep-Nov;Business;YES;YES;YES;YES;YES;YES;Wynn Las Vegas;5;2700;North America;2;November;Monday
UK;2;18;14;5;Sep-Nov;Couples;YES;YES;YES;YES;YES;YES;Wynn Las Vegas;5;2700;Europe;8;November;Wednesday
UK;10;6;10;5;Dec-Feb;Couples;YES;YES;YES;YES;YES;YES;Wynn Las Vegas;5;2700;Europe;5;December;Tuesday
USA;16;13;55;5;Dec-Feb;Couples;YES;YES;YES;YES;YES;YES;Wynn Las Vegas;5;2700;North America;9;December;Tuesday
UK;21;7;13;5;Dec-Feb;Solo;YES;YES;NO;YES;YES;YES;Trump International Hotel Las Vegas;5;1282;Europe;10;January;Tuesday
India;69;58;41;5;Dec-Feb;Business;YES;YES;NO;YES;YES;YES;Trump International Hotel Las Vegas;5;1282;Asia;5;January;Saturday
USA;33;13;8;5;Dec-Feb;Business;YES;YES;NO;YES;YES;YES;Trump International Hotel Las Vegas;5;1282;North America;5;February;Wednesday
USA;1;0;2;5;Dec-Feb;Families;YES;YES;NO;YES;YES;YES;Trump International Hotel Las Vegas;5;1282;North America;0;February;Tuesday
USA;49;8;23;5;Mar-May;Couples;YES;YES;NO;YES;YES;YES;Trump International Hotel Las Vegas;5;1282;North America;5;March;Monday
USA;775;52;255;3;Mar-May;Couples;YES;YES;NO;YES;YES;YES;Trump International Hotel Las Vegas;5;1282;North America;2;March;Wednesday
United Arab Emirates;16;7;6;4;Mar-May;Couples;YES;YES;NO;YES;YES;YES;Trump International Hotel Las Vegas;5;1282;Asia;7;April;Monday
USA;1;0;1;5;Mar-May;Couples;YES;YES;NO;YES;YES;YES;Trump International Hotel Las Vegas;5;1282;North America;0;April;Wednesday
Singapore;19;11;17;4;Mar-May;Families;YES;YES;NO;YES;YES;YES;Trump International Hotel Las Vegas;5;1282;Asia;7;May;Friday
Brazil;7;4;8;5;Mar-May;Families;YES;YES;NO;YES;YES;YES;Trump International Hotel Las Vegas;5;1282;South America;7;May;Sunday
USA;38;18;16;5;Jun-Aug;Couples;YES;YES;NO;YES;YES;YES;Trump International Hotel Las Vegas;5;1282;North America;8;June;Sunday
USA;48;14;30;5;Jun-Aug;Business;YES;YES;NO;YES;YES;YES;Trump International Hotel Las Vegas;5;1282;North America;9;June;Wednesday
Canada;136;20;55;5;Jun-Aug;Families;YES;YES;NO;YES;YES;YES;Trump International Hotel Las Vegas;5;1282;North America;3;July;Sunday
USA;26;8;1;4;Jun-Aug;Families;YES;YES;NO;YES;YES;YES;Trump International Hotel Las Vegas;5;1282;North America;6;July;Monday
Iran;3;3;2;4;Jun-Aug;Couples;YES;YES;NO;YES;YES;YES;Trump International Hotel Las Vegas;5;1282;Asia;4;August;Sunday
USA;78;17;24;5;Jun-Aug;Couples;YES;YES;NO;YES;YES;YES;Trump International Hotel Las Vegas;5;1282;North America;5;August;Monday
UK;24;18;12;5;Sep-Nov;Families;YES;YES;NO;YES;YES;YES;Trump International Hotel Las Vegas;5;1282;Europe;0;September;Thursday
Egypt;2;0;15;1;Sep-Nov;Families;YES;YES;NO;YES;YES;YES;Trump International Hotel Las Vegas;5;1282;Africa;1;September;Monday
Ireland;4;3;3;5;Sep-Nov;Friends;YES;YES;NO;YES;YES;YES;Trump International Hotel Las Vegas;5;1282;Europe;11;October;Thursday
Australia;11;7;17;5;Sep-Nov;Couples;YES;YES;NO;YES;YES;YES;Trump International Hotel Las Vegas;5;1282;Oceania;2;October;Saturday
Germany;1;0;1;2;Sep-Nov;Couples;YES;YES;NO;YES;YES;YES;Trump International Hotel Las Vegas;5;1282;Europe;0;November;Wednesday
Australia;35;16;17;4;Sep-Nov;Families;YES;YES;NO;YES;YES;YES;Trump International Hotel Las Vegas;5;1282;Oceania;2;November;Tuesday
USA;110;19;76;4;Dec-Feb;Business;YES;YES;NO;YES;YES;YES;Trump International Hotel Las Vegas;5;1282;North America;2;December;Tuesday
USA;53;25;24;5;Dec-Feb;Couples;YES;YES;NO;YES;YES;YES;Trump International Hotel Las Vegas;5;1282;North America;3;December;Sunday
Saudi Arabia;320;45;102;3;Dec-Feb;Business;YES;NO;NO;NO;YES;YES;The Cromwell;4,5;188;Asia;6;January;Tuesday
USA;2;0;2;4;Dec-Feb;Business;YES;NO;NO;NO;YES;YES;The Cromwell;4,5;188;North America;1;January;Saturday
USA;26;6;12;5;Dec-Feb;Families;YES;NO;NO;NO;YES;YES;The Cromwell;4,5;188;North America;1;February;Sunday
USA;4;4;0;5;Dec-Feb;Couples;YES;NO;NO;NO;YES;YES;The Cromwell;4,5;188;North America;2;February;Monday
USA;9;9;6;2;Mar-May;Solo;YES;NO;NO;NO;YES;YES;The Cromwell;4,5;188;North America;1;March;Wednesday
USA;17;14;70;5;Mar-May;Friends;YES;NO;NO;NO;YES;YES;The Cromwell;4,5;188;North America;10;March;Sunday
Canada;3;0;1;5;Mar-May;Couples;YES;NO;NO;NO;YES;YES;The Cromwell;4,5;188;North America;1;April;Tuesday
Canada;14;0;4;2;Mar-May;Families;YES;NO;NO;NO;YES;YES;The Cromwell;4,5;188;North America;4;April;Tuesday
USA;235;111;267;5;Mar-May;Friends;YES;NO;NO;NO;YES;YES;The Cromwell;4,5;188;North America;9;May;Friday
USA;59;9;21;5;Mar-May;Couples;YES;NO;NO;NO;YES;YES;The Cromwell;4,5;188;North America;3;May;Monday
USA;2;0;2;5;Jun-Aug;Friends;YES;NO;NO;NO;YES;YES;The Cromwell;4,5;188;North America;0;June;Wednesday
USA;2;0;1;5;Jun-Aug;Couples;YES;NO;NO;NO;YES;YES;The Cromwell;4,5;188;North America;0;June;Wednesday
USA;21;18;53;5;Jun-Aug;Couples;YES;NO;NO;NO;YES;YES;The Cromwell;4,5;188;North America;11;July;Wednesday
USA;4;0;16;1;Jun-Aug;Friends;YES;NO;NO;NO;YES;YES;The Cromwell;4,5;188;North America;0;July;Thursday
Netherlands;184;52;70;5;Jun-Aug;Couples;YES;NO;NO;NO;YES;YES;The Cromwell;4,5;188;Europe;3;August;Wednesday
UK;262;75;150;4;Jun-Aug;Families;YES;NO;NO;NO;YES;YES;The Cromwell;4,5;188;Europe;2;August;Monday
USA;69;11;17;5;Sep-Nov;Couples;YES;NO;NO;NO;YES;YES;The Cromwell;4,5;188;North America;0;September;Sunday
Australia;92;12;27;4;Sep-Nov;Business;YES;NO;NO;NO;YES;YES;The Cromwell;4,5;188;Oceania;2;September;Saturday
USA;131;61;116;3;Sep-Nov;Families;YES;NO;NO;NO;YES;YES;The Cromwell;4,5;188;North America;8;October;Thursday
Norway;25;10;16;5;Sep-Nov;Friends;YES;NO;NO;NO;YES;YES;The Cromwell;4,5;188;Europe;8;October;Tuesday
Canada;49;22;53;3;Sep-Nov;Couples;YES;NO;NO;NO;YES;YES;The Cromwell;4,5;188;North America;5;November;Sunday
USA;148;33;55;4;Sep-Nov;Business;YES;NO;NO;NO;YES;YES;The Cromwell;4,5;188;North America;3;November;Wednesday
Canada;26;7;22;4;Dec-Feb;Couples;YES;NO;NO;NO;YES;YES;The Cromwell;4,5;188;North America;4;December;Wednesday
USA;13;4;1;4;Dec-Feb;Couples;YES;NO;NO;NO;YES;YES;The Cromwell;4,5;188;North America;2;December;Wednesday
Thailand;3;3;20;1;Dec-Feb;Business;YES;YES;NO;YES;YES;YES;Encore at wynn Las Vegas;5;2034;Asia;5;January;Tuesday
USA;46;12;87;5;Dec-Feb;Couples;YES;YES;NO;YES;YES;YES;Encore at wynn Las Vegas;5;2034;North America;3;January;Tuesday
UK;127;40;81;4;Dec-Feb;Couples;YES;YES;NO;YES;YES;YES;Encore at wynn Las Vegas;5;2034;Europe;8;February;Thursday
USA;15;5;12;5;Dec-Feb;Business;YES;YES;NO;YES;YES;YES;Encore at wynn Las Vegas;5;2034;North America;4;February;Sunday
USA;16;14;23;5;Mar-May;Couples;YES;YES;NO;YES;YES;YES;Encore at wynn Las Vegas;5;2034;North America;7;March;Friday
USA;113;38;27;4;Mar-May;Friends;YES;YES;NO;YES;YES;YES;Encore at wynn Las Vegas;5;2034;North America;1;March;Tuesday
UK;7;5;5;3;Mar-May;Families;YES;YES;NO;YES;YES;YES;Encore at wynn Las Vegas;5;2034;Europe;7;April;Monday
Honduras;73;32;99;4;Mar-May;Friends;YES;YES;NO;YES;YES;YES;Encore at wynn Las Vegas;5;2034;South America;10;April;Thursday
USA;35;12;3;5;Mar-May;Business;YES;YES;NO;YES;YES;YES;Encore at wynn Las Vegas;5;2034;North America;2;May;Friday
UK;139;20;86;5;Mar-May;Friends;YES;YES;NO;YES;YES;YES;Encore at wynn Las Vegas;5;2034;Europe;5;May;Monday
UK;28;12;30;5;Jun-Aug;Couples;YES;YES;NO;YES;YES;YES;Encore at wynn Las Vegas;5;2034;Europe;2;June;Saturday
USA;34;8;26;4;Jun-Aug;Business;YES;YES;NO;YES;YES;YES;Encore at wynn Las Vegas;5;2034;North America;4;June;Tuesday
USA;4;3;5;5;Jun-Aug;Friends;YES;YES;NO;YES;YES;YES;Encore at wynn Las Vegas;5;2034;North America;3;July;Thursday
USA;32;11;14;5;Jun-Aug;Families;YES;YES;NO;YES;YES;YES;Encore at wynn Las Vegas;5;2034;North America;3;July;Sunday
UK;9;3;4;5;Jun-Aug;Families;YES;YES;NO;YES;YES;YES;Encore at wynn Las Vegas;5;2034;Europe;1;August;Thursday
USA;333;58;200;5;Jun-Aug;Families;YES;YES;NO;YES;YES;YES;Encore at wynn Las Vegas;5;2034;North America;4;August;Sunday
USA;29;11;15;5;Sep-Nov;Couples;YES;YES;NO;YES;YES;YES;Encore at wynn Las Vegas;5;2034;North America;6;September;Monday
UK;85;43;68;5;Sep-Nov;Friends;YES;YES;NO;YES;YES;YES;Encore at wynn Las Vegas;5;2034;Europe;5;September;Wednesday
USA;12;5;1;5;Sep-Nov;Couples;YES;YES;NO;YES;YES;YES;Encore at wynn Las Vegas;5;2034;North America;5;October;Friday
UK;34;10;7;4;Sep-Nov;Business;YES;YES;NO;YES;YES;YES;Encore at wynn Las Vegas;5;2034;Europe;4;October;Thursday
India;13;7;8;5;Sep-Nov;Couples;YES;YES;NO;YES;YES;YES;Encore at wynn Las Vegas;5;2034;Asia;5;November;Sunday
USA;5;5;14;5;Sep-Nov;Couples;YES;YES;NO;YES;YES;YES;Encore at wynn Las Vegas;5;2034;North America;5;November;Sunday
USA;169;25;41;5;Dec-Feb;Friends;YES;YES;NO;YES;YES;YES;Encore at wynn Las Vegas;5;2034;North America;8;December;Tuesday
USA;11;10;6;5;Dec-Feb;Business;YES;YES;NO;YES;YES;YES;Encore at wynn Las Vegas;5;2034;North America;7;December;Tuesday
USA;4;3;2;5;Dec-Feb;Couples;YES;YES;NO;YES;YES;YES;Hilton Grand Vacations on the Boulevard;3,5;1228;North America;6;January;Friday
USA;50;39;48;2;Dec-Feb;Families;YES;YES;NO;YES;YES;YES;Hilton Grand Vacations on the Boulevard;3,5;1228;North America;10;January;Thursday
Mexico;10;3;1;5;Dec-Feb;Business;YES;YES;NO;YES;YES;YES;Hilton Grand Vacations on the Boulevard;3,5;1228;North America;4;February;Tuesday
Canada;7;4;4;5;Dec-Feb;Couples;YES;YES;NO;YES;YES;YES;Hilton Grand Vacations on the Boulevard;3,5;1228;North America;1;February;Friday
UK;60;7;42;5;Mar-May;Couples;YES;YES;NO;YES;YES;YES;Hilton Grand Vacations on the Boulevard;3,5;1228;Europe;8;March;Tuesday
Netherlands;92;49;18;4;Mar-May;Couples;YES;YES;NO;YES;YES;YES;Hilton Grand Vacations on the Boulevard;3,5;1228;Europe;5;March;Thursday
Australia;106;37;58;4;Mar-May;Business;YES;YES;NO;YES;YES;YES;Hilton Grand Vacations on the Boulevard;3,5;1228;Oceania;3;April;Wednesday
Canada;7;5;45;4;Mar-May;Families;YES;YES;NO;YES;YES;YES;Hilton Grand Vacations on the Boulevard;3,5;1228;North America;10;April;Monday
Brazil;37;31;38;5;Mar-May;Families;YES;YES;NO;YES;YES;YES;Hilton Grand Vacations on the Boulevard;3,5;1228;South America;9;May;Friday
USA;70;25;19;1;Mar-May;Couples;YES;YES;NO;YES;YES;YES;Hilton Grand Vacations on the Boulevard;3,5;1228;North America;3;May;Friday
USA;9;3;4;5;Jun-Aug;Friends;YES;YES;NO;YES;YES;YES;Hilton Grand Vacations on the Boulevard;3,5;1228;North America;1;June;Monday
USA;11;6;7;5;Jun-Aug;Solo;YES;YES;NO;YES;YES;YES;Hilton Grand Vacations on the Boulevard;3,5;1228;North America;1;June;Monday
Finland;39;18;9;4;Jun-Aug;Families;YES;YES;NO;YES;YES;YES;Hilton Grand Vacations on the Boulevard;3,5;1228;Europe;4;July;Thursday
UK;10;0;9;5;Jun-Aug;Families;YES;YES;NO;YES;YES;YES;Hilton Grand Vacations on the Boulevard;3,5;1228;Europe;1;July;Wednesday
USA;78;17;24;4;Jun-Aug;Couples;YES;YES;NO;YES;YES;YES;Hilton Grand Vacations on the Boulevard;3,5;1228;North America;5;August;Monday
UK;48;21;19;5;Jun-Aug;Families;YES;YES;NO;YES;YES;YES;Hilton Grand Vacations on the Boulevard;3,5;1228;Europe;4;August;Friday
Canada;112;34;41;5;Sep-Nov;Families;YES;YES;NO;YES;YES;YES;Hilton Grand Vacations on the Boulevard;3,5;1228;North America;7;September;Sunday
USA;28;17;14;5;Sep-Nov;Solo;YES;YES;NO;YES;YES;YES;Hilton Grand Vacations on the Boulevard;3,5;1228;North America;2;September;Wednesday
UK;11;3;16;2;Sep-Nov;Couples;YES;YES;NO;YES;YES;YES;Hilton Grand Vacations on the Boulevard;3,5;1228;Europe;2;October;Wednesday
USA;9;5;11;4;Sep-Nov;Business;YES;YES;NO;YES;YES;YES;Hilton Grand Vacations on the Boulevard;3,5;1228;North America;9;October;Wednesday
USA;4;4;1;3;Sep-Nov;Families;YES;YES;NO;YES;YES;YES;Hilton Grand Vacations on the Boulevard;3,5;1228;North America;0;November;Wednesday
Mexico;22;15;25;4;Sep-Nov;Families;YES;YES;NO;YES;YES;YES;Hilton Grand Vacations on the Boulevard;3,5;1228;North America;6;November;Monday
USA;42;11;36;5;Dec-Feb;Couples;YES;YES;NO;YES;YES;YES;Hilton Grand Vacations on the Boulevard;3,5;1228;North America;7;December;Monday
Australia;20;16;9;4;Dec-Feb;Couples;YES;YES;NO;YES;YES;YES;Hilton Grand Vacations on the Boulevard;3,5;1228;Oceania;7;December;Tuesday
Canada;160;34;88;4;Dec-Feb;Business;YES;YES;NO;NO;YES;YES;Marriott's Grand Chateau;3,5;732;North America;6;January;Saturday
USA;372;78;169;4;Dec-Feb;Business;YES;YES;NO;NO;YES;YES;Marriott's Grand Chateau;3,5;732;North America;4;January;Sunday
USA;84;18;36;5;Dec-Feb;Families;YES;YES;NO;NO;YES;YES;Marriott's Grand Chateau;3,5;732;North America;4;February;Wednesday
USA;21;13;20;5;Dec-Feb;Business;YES;YES;NO;NO;YES;YES;Marriott's Grand Chateau;3,5;732;North America;5;February;Thursday
UK;95;37;55;4;Mar-May;Friends;YES;YES;NO;NO;YES;YES;Marriott's Grand Chateau;3,5;732;Europe;6;March;Tuesday
Germany;118;107;131;5;Mar-May;Business;YES;YES;NO;NO;YES;YES;Marriott's Grand Chateau;3,5;732;Europe;10;March;Monday
Canada;6;0;8;5;Mar-May;Couples;YES;YES;NO;NO;YES;YES;Marriott's Grand Chateau;3,5;732;North America;10;April;Wednesday
USA;60;4;31;4;Mar-May;Couples;YES;YES;NO;NO;YES;YES;Marriott's Grand Chateau;3,5;732;North America;2;April;Tuesday
Australia;275;79;339;4;Mar-May;Couples;YES;YES;NO;NO;YES;YES;Marriott's Grand Chateau;3,5;732;Oceania;7;May;Sunday
Canada;46;39;42;4;Mar-May;Business;YES;YES;NO;NO;YES;YES;Marriott's Grand Chateau;3,5;732;North America;6;May;Wednesday
USA;6;5;6;5;Jun-Aug;Families;YES;YES;NO;NO;YES;YES;Marriott's Grand Chateau;3,5;732;North America;4;June;Tuesday
Australia;11;0;5;5;Jun-Aug;Families;YES;YES;NO;NO;YES;YES;Marriott's Grand Chateau;3,5;732;Oceania;0;June;Thursday
USA;75;37;48;5;Jun-Aug;Couples;YES;YES;NO;NO;YES;YES;Marriott's Grand Chateau;3,5;732;North America;6;July;Saturday
Denmark;240;76;115;5;Jun-Aug;Couples;YES;YES;NO;NO;YES;YES;Marriott's Grand Chateau;3,5;732;Europe;3;July;Monday
Taiwan;20;12;7;5;Jun-Aug;Families;YES;YES;NO;NO;YES;YES;Marriott's Grand Chateau;3,5;732;Asia;1;August;Wednesday
Israel;62;40;25;5;Jun-Aug;Families;YES;YES;NO;NO;YES;YES;Marriott's Grand Chateau;3,5;732;Asia;5;August;Sunday
Hawaii;88;19;58;5;Sep-Nov;Friends;YES;YES;NO;NO;YES;YES;Marriott's Grand Chateau;3,5;732;North America;1;September;Wednesday
USA;6;3;5;5;Sep-Nov;Friends;YES;YES;NO;NO;YES;YES;Marriott's Grand Chateau;3,5;732;North America;0;September;Tuesday
Thailand;18;9;8;3;Sep-Nov;Business;YES;YES;NO;NO;YES;YES;Marriott's Grand Chateau;3,5;732;Asia;7;October;Monday
Mexico;159;43;78;5;Sep-Nov;Families;YES;YES;NO;NO;YES;YES;Marriott's Grand Chateau;3,5;732;North America;4;October;Wednesday
Kuwait;47;23;20;4;Sep-Nov;Couples;YES;YES;NO;NO;YES;YES;Marriott's Grand Chateau;3,5;732;Asia;1;November;Thursday
Norway;86;12;46;4;Sep-Nov;Couples;YES;YES;NO;NO;YES;YES;Marriott's Grand Chateau;3,5;732;Europe;5;November;Sunday
USA;42;9;13;5;Dec-Feb;Couples;YES;YES;NO;NO;YES;YES;Marriott's Grand Chateau;3,5;732;North America;1;December;Tuesday
Germany;64;33;23;4;Dec-Feb;Families;YES;YES;NO;NO;YES;YES;Marriott's Grand Chateau;3,5;732;Europe;7;December;Thursday
USA;167;71;119;5;Dec-Feb;Couples;YES;YES;YES;YES;YES;YES;Tuscany Las Vegas Suites & Casino;3;716;North America;8;January;Saturday
USA;25;5;12;5;Dec-Feb;Friends;YES;YES;YES;YES;YES;YES;Tuscany Las Vegas Suites & Casino;3;716;North America;8;January;Thursday
UK;12;12;6;3;Dec-Feb;Business;YES;YES;YES;YES;YES;YES;Tuscany Las Vegas Suites & Casino;3;716;Europe;4;February;Friday
USA;608;117;319;5;Dec-Feb;Business;YES;YES;YES;YES;YES;YES;Tuscany Las Vegas Suites & Casino;3;716;North America;5;February;Saturday
USA;5;4;3;5;Mar-May;Friends;YES;YES;YES;YES;YES;YES;Tuscany Las Vegas Suites & Casino;3;716;North America;8;March;Sunday
USA;26;17;34;5;Mar-May;Couples;YES;YES;YES;YES;YES;YES;Tuscany Las Vegas Suites & Casino;3;716;North America;7;March;Thursday
Brazil;11;5;9;5;Mar-May;Couples;YES;YES;YES;YES;YES;YES;Tuscany Las Vegas Suites & Casino;3;716;South America;7;April;Monday
USA;39;10;13;4;Mar-May;Couples;YES;YES;YES;YES;YES;YES;Tuscany Las Vegas Suites & Casino;3;716;North America;3;April;Wednesday
India;1;0;3;2;Mar-May;Families;YES;YES;YES;YES;YES;YES;Tuscany Las Vegas Suites & Casino;3;716;Asia;0;May;Thursday
USA;108;20;22;3;Mar-May;Business;YES;YES;YES;YES;YES;YES;Tuscany Las Vegas Suites & Casino;3;716;North America;5;May;Thursday
Malaysia;119;20;46;5;Jun-Aug;Friends;YES;YES;YES;YES;YES;YES;Tuscany Las Vegas Suites & Casino;3;716;Asia;1;June;Sunday
USA;27;15;17;3;Jun-Aug;Couples;YES;YES;YES;YES;YES;YES;Tuscany Las Vegas Suites & Casino;3;716;North America;6;June;Tuesday
Germany;55;55;134;5;Jun-Aug;Couples;YES;YES;YES;YES;YES;YES;Tuscany Las Vegas Suites & Casino;3;716;Europe;5;July;Wednesday
Canada;7;3;7;4;Jun-Aug;Business;YES;YES;YES;YES;YES;YES;Tuscany Las Vegas Suites & Casino;3;716;North America;3;July;Friday
Canada;3;3;2;3;Jun-Aug;Business;YES;YES;YES;YES;YES;YES;Tuscany Las Vegas Suites & Casino;3;716;North America;0;August;Wednesday
USA;11;3;19;4;Jun-Aug;Couples;YES;YES;YES;YES;YES;YES;Tuscany Las Vegas Suites & Casino;3;716;North America;6;August;Monday
Australia;27;15;16;5;Sep-Nov;Couples;YES;YES;YES;YES;YES;YES;Tuscany Las Vegas Suites & Casino;3;716;Oceania;5;September;Sunday
USA;13;4;6;5;Sep-Nov;Couples;YES;YES;YES;YES;YES;YES;Tuscany Las Vegas Suites & Casino;3;716;North America;0;September;Wednesday
UK;19;11;14;3;Sep-Nov;Couples;YES;YES;YES;YES;YES;YES;Tuscany Las Vegas Suites & Casino;3;716;Europe;5;October;Sunday
Canada;38;12;17;5;Sep-Nov;Business;YES;YES;YES;YES;YES;YES;Tuscany Las Vegas Suites & Casino;3;716;North America;7;October;Friday
USA;167;71;119;4;Sep-Nov;Couples;YES;YES;YES;YES;YES;YES;Tuscany Las Vegas Suites & Casino;3;716;North America;8;November;Sunday
USA;28;6;9;3;Sep-Nov;Business;YES;YES;YES;YES;YES;YES;Tuscany Las Vegas Suites & Casino;3;716;North America;3;November;Tuesday
Canada;9;8;5;5;Dec-Feb;Families;YES;YES;YES;YES;YES;YES;Tuscany Las Vegas Suites & Casino;3;716;North America;4;December;Sunday
USA;13;4;4;5;Dec-Feb;Friends;YES;YES;YES;YES;YES;YES;Tuscany Las Vegas Suites & Casino;3;716;North America;5;December;Tuesday
USA;65;24;72;3;Dec-Feb;Business;YES;YES;NO;NO;NO;YES;Hilton Grand Vacations at the Flamingo;3;315;North America;6;January;Monday
USA;8;3;3;5;Dec-Feb;Couples;YES;YES;NO;NO;NO;YES;Hilton Grand Vacations at the Flamingo;3;315;North America;3;January;Thursday
UK;61;13;26;2;Dec-Feb;Couples;YES;YES;NO;NO;NO;YES;Hilton Grand Vacations at the Flamingo;3;315;Europe;4;February;Sunday
USA;3;3;8;2;Dec-Feb;Families;YES;YES;NO;NO;NO;YES;Hilton Grand Vacations at the Flamingo;3;315;North America;1;February;Saturday
USA;66;13;21;5;Mar-May;Friends;YES;YES;NO;NO;NO;YES;Hilton Grand Vacations at the Flamingo;3;315;North America;9;March;Friday
Hawaii;9;7;4;5;Mar-May;Couples;YES;YES;NO;NO;NO;YES;Hilton Grand Vacations at the Flamingo;3;315;North America;2;March;Tuesday
Hawaii;82;14;61;3;Mar-May;Families;YES;YES;NO;NO;NO;YES;Hilton Grand Vacations at the Flamingo;3;315;North America;1;April;Wednesday
Canada;113;48;33;3;Mar-May;Families;YES;YES;NO;NO;NO;YES;Hilton Grand Vacations at the Flamingo;3;315;North America;4;April;Sunday
USA;11;8;12;3;Mar-May;Friends;YES;YES;NO;NO;NO;YES;Hilton Grand Vacations at the Flamingo;3;315;North America;6;May;Sunday
Canada;2;1;1;3;Mar-May;Families;YES;YES;NO;NO;NO;YES;Hilton Grand Vacations at the Flamingo;3;315;North America;3;May;Tuesday
USA;31;11;24;5;Jun-Aug;Couples;YES;YES;NO;NO;NO;YES;Hilton Grand Vacations at the Flamingo;3;315;North America;2;June;Wednesday
Australia;32;12;22;4;Jun-Aug;Couples;YES;YES;NO;NO;NO;YES;Hilton Grand Vacations at the Flamingo;3;315;Oceania;5;June;Wednesday
USA;56;7;25;3;Jun-Aug;Families;YES;YES;NO;NO;NO;YES;Hilton Grand Vacations at the Flamingo;3;315;North America;7;July;Sunday
Canada;45;6;22;5;Jun-Aug;Couples;YES;YES;NO;NO;NO;YES;Hilton Grand Vacations at the Flamingo;3;315;North America;3;July;Thursday
USA;17;4;4;4;Jun-Aug;Families;YES;YES;NO;NO;NO;YES;Hilton Grand Vacations at the Flamingo;3;315;North America;0;August;Sunday
USA;23;23;11;5;Jun-Aug;Families;YES;YES;NO;NO;NO;YES;Hilton Grand Vacations at the Flamingo;3;315;North America;1;August;Sunday
Canada;56;18;24;5;Sep-Nov;Friends;YES;YES;NO;NO;NO;YES;Hilton Grand Vacations at the Flamingo;3;315;North America;4;September;Saturday
USA;290;263;300;4;Sep-Nov;Business;YES;YES;NO;NO;NO;YES;Hilton Grand Vacations at the Flamingo;3;315;North America;10;September;Saturday
Australia;26;7;9;4;Sep-Nov;Families;YES;YES;NO;NO;NO;YES;Hilton Grand Vacations at the Flamingo;3;315;Oceania;0;October;Friday
India;116;44;53;4;Sep-Nov;Couples;YES;YES;NO;NO;NO;YES;Hilton Grand Vacations at the Flamingo;3;315;Asia;5;October;Saturday
Czech Republic;14;5;15;4;Sep-Nov;Business;YES;YES;NO;NO;NO;YES;Hilton Grand Vacations at the Flamingo;3;315;Europe;5;November;Thursday
USA;13;7;1;5;Sep-Nov;Business;YES;YES;NO;NO;NO;YES;Hilton Grand Vacations at the Flamingo;3;315;North America;4;November;Sunday
USA;20;9;25;4;Dec-Feb;Couples;YES;YES;NO;NO;NO;YES;Hilton Grand Vacations at the Flamingo;3;315;North America;8;December;Tuesday
Mexico;3;3;3;5;Dec-Feb;Families;YES;YES;NO;NO;NO;YES;Hilton Grand Vacations at the Flamingo;3;315;North America;2;December;Wednesday
USA;17;3;12;4;Dec-Feb;Friends;YES;YES;YES;NO;NO;YES;Wyndham Grand Desert;3,5;787;North America;2;January;Monday
Australia;21;11;13;5;Dec-Feb;Families;YES;YES;YES;NO;NO;YES;Wyndham Grand Desert;3,5;787;Oceania;4;January;Sunday
USA;60;11;33;5;Dec-Feb;Couples;YES;YES;YES;NO;NO;YES;Wyndham Grand Desert;3,5;787;North America;3;February;Thursday
Canada;12;4;15;5;Dec-Feb;Couples;YES;YES;YES;NO;NO;YES;Wyndham Grand Desert;3,5;787;North America;11;February;Monday
USA;27;12;51;5;Mar-May;Friends;YES;YES;YES;NO;NO;YES;Wyndham Grand Desert;3,5;787;North America;4;March;Tuesday
USA;34;12;35;4;Mar-May;Couples;YES;YES;YES;NO;NO;YES;Wyndham Grand Desert;3,5;787;North America;3;March;Tuesday
Canada;69;22;38;5;Mar-May;Families;YES;YES;YES;NO;NO;YES;Wyndham Grand Desert;3,5;787;North America;6;April;Thursday
USA;16;4;7;5;Mar-May;Couples;YES;YES;YES;NO;NO;YES;Wyndham Grand Desert;3,5;787;North America;4;April;Saturday
Australia;26;5;5;4;Mar-May;Families;YES;YES;YES;NO;NO;YES;Wyndham Grand Desert;3,5;787;Oceania;1;May;Thursday
USA;54;10;15;4;Mar-May;Business;YES;YES;YES;NO;NO;YES;Wyndham Grand Desert;3,5;787;North America;5;May;Tuesday
UK;35;17;27;5;Jun-Aug;Couples;YES;YES;YES;NO;NO;YES;Wyndham Grand Desert;3,5;787;Europe;6;June;Tuesday
India;23;12;7;5;Jun-Aug;Families;YES;YES;YES;NO;NO;YES;Wyndham Grand Desert;3,5;787;Asia;7;June;Saturday
UK;6;3;14;5;Jun-Aug;Families;YES;YES;YES;NO;NO;YES;Wyndham Grand Desert;3,5;787;Europe;3;July;Sunday
USA;27;8;16;4;Jun-Aug;Friends;YES;YES;YES;NO;NO;YES;Wyndham Grand Desert;3,5;787;North America;4;July;Thursday
USA;41;8;14;3;Jun-Aug;Families;YES;YES;YES;NO;NO;YES;Wyndham Grand Desert;3,5;787;North America;4;August;Wednesday
Canada;12;4;6;5;Jun-Aug;Couples;YES;YES;YES;NO;NO;YES;Wyndham Grand Desert;3,5;787;North America;2;August;Monday
USA;14;3;14;5;Sep-Nov;Friends;YES;YES;YES;NO;NO;YES;Wyndham Grand Desert;3,5;787;North America;6;September;Tuesday
USA;415;162;265;4;Sep-Nov;Business;YES;YES;YES;NO;NO;YES;Wyndham Grand Desert;3,5;787;North America;8;September;Sunday
Ireland;76;27;32;3;Sep-Nov;Couples;YES;YES;YES;NO;NO;YES;Wyndham Grand Desert;3,5;787;Europe;6;October;Thursday
UK;24;12;30;4;Sep-Nov;Couples;YES;YES;YES;NO;NO;YES;Wyndham Grand Desert;3,5;787;Europe;4;October;Monday
Japan;23;9;23;3;Sep-Nov;Families;YES;YES;YES;NO;NO;YES;Wyndham Grand Desert;3,5;787;Asia;4;November;Monday
USA;182;24;47;4;Sep-Nov;Families;YES;YES;YES;NO;NO;YES;Wyndham Grand Desert;3,5;787;North America;2;November;Sunday
USA;289;28;133;4;Dec-Feb;Families;YES;YES;YES;NO;NO;YES;Wyndham Grand Desert;3,5;787;North America;5;December;Tuesday
Canada;101;35;46;5;Dec-Feb;Friends;YES;YES;YES;NO;NO;YES;Wyndham Grand Desert;3,5;787;North America;5;December;Saturday
Ireland;31;11;20;4;Dec-Feb;Business;YES;YES;NO;YES;YES;YES;The Venetian Las Vegas Hotel;5;4027;Europe;2;January;Friday
USA;20;6;9;5;Dec-Feb;Solo;YES;YES;NO;YES;YES;YES;The Venetian Las Vegas Hotel;5;4027;North America;0;January;Wednesday
USA;60;16;15;4;Dec-Feb;Families;YES;YES;NO;YES;YES;YES;The Venetian Las Vegas Hotel;5;4027;North America;5;February;Saturday
Mexico;1;0;2;5;Dec-Feb;Couples;YES;YES;NO;YES;YES;YES;The Venetian Las Vegas Hotel;5;4027;North America;0;February;Sunday
USA;9;3;13;3;Mar-May;Couples;YES;YES;NO;YES;YES;YES;The Venetian Las Vegas Hotel;5;4027;North America;2;March;Thursday
USA;19;7;5;5;Mar-May;Couples;YES;YES;NO;YES;YES;YES;The Venetian Las Vegas Hotel;5;4027;North America;5;March;Wednesday
Israel;116;78;206;5;Mar-May;Couples;YES;YES;NO;YES;YES;YES;The Venetian Las Vegas Hotel;5;4027;Asia;9;April;Sunday
Australia;22;13;26;4;Mar-May;Couples;YES;YES;NO;YES;YES;YES;The Venetian Las Vegas Hotel;5;4027;Oceania;2;April;Friday
Australia;83;10;26;4;Mar-May;Families;YES;YES;NO;YES;YES;YES;The Venetian Las Vegas Hotel;5;4027;Oceania;1;May;Tuesday
UK;20;3;9;5;Mar-May;Couples;YES;YES;NO;YES;YES;YES;The Venetian Las Vegas Hotel;5;4027;Europe;0;May;Monday
USA;7;5;6;5;Jun-Aug;Couples;YES;YES;NO;YES;YES;YES;The Venetian Las Vegas Hotel;5;4027;North America;1;June;Monday
USA;95;34;46;5;Jun-Aug;Business;YES;YES;NO;YES;YES;YES;The Venetian Las Vegas Hotel;5;4027;North America;6;June;Sunday
Australia;15;6;19;4;Jun-Aug;Couples;YES;YES;NO;YES;YES;YES;The Venetian Las Vegas Hotel;5;4027;Oceania;4;July;Wednesday
UK;13;7;12;4;Jun-Aug;Couples;YES;YES;NO;YES;YES;YES;The Venetian Las Vegas Hotel;5;4027;Europe;5;July;Sunday
Canada;19;8;24;5;Jun-Aug;Families;YES;YES;NO;YES;YES;YES;The Venetian Las Vegas Hotel;5;4027;North America;10;August;Wednesday
UK;21;6;15;5;Jun-Aug;Couples;YES;YES;NO;YES;YES;YES;The Venetian Las Vegas Hotel;5;4027;Europe;3;August;Saturday
UK;56;11;14;5;Sep-Nov;Couples;YES;YES;NO;YES;YES;YES;The Venetian Las Vegas Hotel;5;4027;Europe;5;September;Friday
UK;29;7;15;5;Sep-Nov;Couples;YES;YES;NO;YES;YES;YES;The Venetian Las Vegas Hotel;5;4027;Europe;7;September;Thursday
Brazil;20;0;8;5;Sep-Nov;Couples;YES;YES;NO;YES;YES;YES;The Venetian Las Vegas Hotel;5;4027;South America;2;October;Friday
UK;39;20;31;4;Sep-Nov;Couples;YES;YES;NO;YES;YES;YES;The Venetian Las Vegas Hotel;5;4027;Europe;8;October;Thursday
Switzerland;9;6;3;5;Sep-Nov;Friends;YES;YES;NO;YES;YES;YES;The Venetian Las Vegas Hotel;5;4027;Europe;5;November;Saturday
Australia;43;38;29;5;Sep-Nov;Couples;YES;YES;NO;YES;YES;YES;The Venetian Las Vegas Hotel;5;4027;Oceania;4;November;Saturday
Singapore;16;10;11;5;Dec-Feb;Families;YES;YES;NO;YES;YES;YES;The Venetian Las Vegas Hotel;5;4027;Asia;9;December;Thursday
USA;6;6;12;4;Dec-Feb;Couples;YES;YES;NO;YES;YES;YES;The Venetian Las Vegas Hotel;5;4027;North America;10;December;Wednesday
Australia;16;6;3;4;Dec-Feb;Solo;YES;YES;NO;YES;YES;YES;Bellagio Las Vegas;5;3933;Oceania;3;January;Saturday
USA;15;3;13;5;Dec-Feb;Families;YES;YES;NO;YES;YES;YES;Bellagio Las Vegas;5;3933;North America;5;January;Thursday
USA;30;6;26;4;Dec-Feb;Couples;YES;YES;NO;YES;YES;YES;Bellagio Las Vegas;5;3933;North America;3;February;Tuesday
USA;41;9;111;5;Dec-Feb;Business;YES;YES;NO;YES;YES;YES;Bellagio Las Vegas;5;3933;North America;1;February;Friday
India;44;35;53;5;Mar-May;Couples;YES;YES;NO;YES;YES;YES;Bellagio Las Vegas;5;3933;Asia;6;March;Tuesday
USA;30;9;17;2;Mar-May;Business;YES;YES;NO;YES;YES;YES;Bellagio Las Vegas;5;3933;North America;0;March;Tuesday
Ireland;23;10;18;5;Mar-May;Business;YES;YES;NO;YES;YES;YES;Bellagio Las Vegas;5;3933;Europe;4;April;Monday
Spain;3;0;8;2;Mar-May;Families;YES;YES;NO;YES;YES;YES;Bellagio Las Vegas;5;3933;Europe;3;April;Tuesday
UK;12;6;16;3;Mar-May;Friends;YES;YES;NO;YES;YES;YES;Bellagio Las Vegas;5;3933;Europe;3;May;Friday
UK;15;6;17;5;Mar-May;Couples;YES;YES;NO;YES;YES;YES;Bellagio Las Vegas;5;3933;Europe;1;May;Thursday
UK;5;0;5;5;Jun-Aug;Families;YES;YES;NO;YES;YES;YES;Bellagio Las Vegas;5;3933;Europe;0;June;Wednesday
USA;32;5;11;4;Jun-Aug;Business;YES;YES;NO;YES;YES;YES;Bellagio Las Vegas;5;3933;North America;6;June;Sunday
USA;28;5;23;5;Jun-Aug;Couples;YES;YES;NO;YES;YES;YES;Bellagio Las Vegas;5;3933;North America;5;July;Friday
Korea;77;18;48;4;Jun-Aug;Families;YES;YES;NO;YES;YES;YES;Bellagio Las Vegas;5;3933;Asia;10;July;Saturday
USA;11;8;2;4;Jun-Aug;Solo;YES;YES;NO;YES;YES;YES;Bellagio Las Vegas;5;3933;North America;0;August;Monday
Scotland;102;25;37;5;Jun-Aug;Families;YES;YES;NO;YES;YES;YES;Bellagio Las Vegas;5;3933;Europe;6;August;Sunday
Ireland;13;3;2;5;Sep-Nov;Couples;YES;YES;NO;YES;YES;YES;Bellagio Las Vegas;5;3933;Europe;6;September;Tuesday
USA;62;13;31;4;Sep-Nov;Business;YES;YES;NO;YES;YES;YES;Bellagio Las Vegas;5;3933;North America;2;September;Tuesday
UK;26;22;42;5;Sep-Nov;Couples;YES;YES;NO;YES;YES;YES;Bellagio Las Vegas;5;3933;Europe;5;October;Sunday
UK;13;6;12;4;Sep-Nov;Couples;YES;YES;NO;YES;YES;YES;Bellagio Las Vegas;5;3933;Europe;1;October;Saturday
UK;26;18;43;5;Sep-Nov;Friends;YES;YES;NO;YES;YES;YES;Bellagio Las Vegas;5;3933;Europe;4;November;Monday
Canada;17;10;39;5;Sep-Nov;Friends;YES;YES;NO;YES;YES;YES;Bellagio Las Vegas;5;3933;North America;3;November;Saturday
India;4;4;1;4;Dec-Feb;Business;YES;YES;NO;YES;YES;YES;Bellagio Las Vegas;5;3933;Asia;1;December;Monday
Malaysia;20;18;19;2;Dec-Feb;Families;YES;YES;NO;YES;YES;YES;Bellagio Las Vegas;5;3933;Asia;4;December;Friday
USA;14;3;7;4;Dec-Feb;Couples;YES;YES;NO;YES;YES;YES;Paris Las Vegas;4;2916;North America;7;January;Saturday
Canada;19;3;12;5;Dec-Feb;Couples;YES;YES;NO;YES;YES;YES;Paris Las Vegas;4;2916;North America;1;January;Wednesday
USA;4;4;2;2;Dec-Feb;Couples;YES;YES;NO;YES;YES;YES;Paris Las Vegas;4;2916;North America;1;February;Wednesday
USA;116;12;43;4;Dec-Feb;Friends;YES;YES;NO;YES;YES;YES;Paris Las Vegas;4;2916;North America;4;February;Tuesday
USA;121;13;59;2;Mar-May;Couples;YES;YES;NO;YES;YES;YES;Paris Las Vegas;4;2916;North America;9;March;Tuesday
USA;14;7;6;5;Mar-May;Couples;YES;YES;NO;YES;YES;YES;Paris Las Vegas;4;2916;North America;2;March;Friday
USA;56;16;54;4;Mar-May;Business;YES;YES;NO;YES;YES;YES;Paris Las Vegas;4;2916;North America;9;April;Tuesday
Canada;73;4;39;3;Mar-May;Friends;YES;YES;NO;YES;YES;YES;Paris Las Vegas;4;2916;North America;3;April;Monday
USA;9;5;4;5;Mar-May;Friends;YES;YES;NO;YES;YES;YES;Paris Las Vegas;4;2916;North America;6;May;Thursday
USA;137;42;51;3;Mar-May;Couples;YES;YES;NO;YES;YES;YES;Paris Las Vegas;4;2916;North America;5;May;Sunday
Australia;30;12;38;5;Jun-Aug;Couples;YES;YES;NO;YES;YES;YES;Paris Las Vegas;4;2916;Oceania;4;June;Saturday
Costa Rica;130;19;49;3;Jun-Aug;Couples;YES;YES;NO;YES;YES;YES;Paris Las Vegas;4;2916;North America;6;June;Sunday
USA;50;15;23;4;Jun-Aug;Couples;YES;YES;NO;YES;YES;YES;Paris Las Vegas;4;2916;North America;3;July;Friday
UK;22;9;11;4;Jun-Aug;Families;YES;YES;NO;YES;YES;YES;Paris Las Vegas;4;2916;Europe;3;July;Wednesday
Egypt;85;37;65;5;Jun-Aug;Families;YES;YES;NO;YES;YES;YES;Paris Las Vegas;4;2916;Africa;4;August;Friday
USA;73;7;26;5;Jun-Aug;Couples;YES;YES;NO;YES;YES;YES;Paris Las Vegas;4;2916;North America;3;August;Thursday
USA;20;10;27;4;Sep-Nov;Couples;YES;YES;NO;YES;YES;YES;Paris Las Vegas;4;2916;North America;2;September;Thursday
Canada;13;6;13;5;Sep-Nov;Couples;YES;YES;NO;YES;YES;YES;Paris Las Vegas;4;2916;North America;2;September;Tuesday
Canada;18;3;10;2;Sep-Nov;Couples;YES;YES;NO;YES;YES;YES;Paris Las Vegas;4;2916;North America;2;October;Monday
USA;6;4;6;5;Sep-Nov;Couples;YES;YES;NO;YES;YES;YES;Paris Las Vegas;4;2916;North America;0;October;Saturday
USA;48;8;25;4;Sep-Nov;Couples;YES;YES;NO;YES;YES;YES;Paris Las Vegas;4;2916;North America;6;November;Monday
USA;24;3;5;5;Sep-Nov;Couples;YES;YES;NO;YES;YES;YES;Paris Las Vegas;4;2916;North America;0;November;Sunday
Canada;123;26;63;5;Dec-Feb;Couples;YES;YES;NO;YES;YES;YES;Paris Las Vegas;4;2916;North America;4;December;Saturday
USA;24;7;6;4;Dec-Feb;Friends;YES;YES;NO;YES;YES;YES;Paris Las Vegas;4;2916;North America;1;December;Thursday
Canada;20;13;17;4;Dec-Feb;Couples;YES;YES;NO;YES;YES;YES;The Westin las Vegas Hotel Casino & Spa;4;826;North America;4;January;Monday
USA;15;3;4;3;Dec-Feb;Families;YES;YES;NO;YES;YES;YES;The Westin las Vegas Hotel Casino & Spa;4;826;North America;7;January;Tuesday
Italy;189;72;129;4;Dec-Feb;Solo;YES;YES;NO;YES;YES;YES;The Westin las Vegas Hotel Casino & Spa;4;826;Europe;3;February;Friday
USA;25;19;27;3;Dec-Feb;Couples;YES;YES;NO;YES;YES;YES;The Westin las Vegas Hotel Casino & Spa;4;826;North America;8;February;Monday
USA;33;11;12;5;Mar-May;Business;YES;YES;NO;YES;YES;YES;The Westin las Vegas Hotel Casino & Spa;4;826;North America;4;March;Wednesday
USA;14;7;13;5;Mar-May;Friends;YES;YES;NO;YES;YES;YES;The Westin las Vegas Hotel Casino & Spa;4;826;North America;4;March;Thursday
USA;38;22;47;4;Mar-May;Business;YES;YES;NO;YES;YES;YES;The Westin las Vegas Hotel Casino & Spa;4;826;North America;4;April;Monday
Egypt;169;43;85;4;Mar-May;Solo;YES;YES;NO;YES;YES;YES;The Westin las Vegas Hotel Casino & Spa;4;826;Africa;12;April;Sunday
USA;20;17;21;3;Mar-May;Friends;YES;YES;NO;YES;YES;YES;The Westin las Vegas Hotel Casino & Spa;4;826;North America;4;May;Sunday
USA;17;10;18;4;Mar-May;Couples;YES;YES;NO;YES;YES;YES;The Westin las Vegas Hotel Casino & Spa;4;826;North America;3;May;Tuesday
USA;96;47;161;4;Jun-Aug;Solo;YES;YES;NO;YES;YES;YES;The Westin las Vegas Hotel Casino & Spa;4;826;North America;11;June;Monday
USA;38;13;11;3;Jun-Aug;Business;YES;YES;NO;YES;YES;YES;The Westin las Vegas Hotel Casino & Spa;4;826;North America;5;June;Sunday
India;12;11;9;4;Jun-Aug;Families;YES;YES;NO;YES;YES;YES;The Westin las Vegas Hotel Casino & Spa;4;826;Asia;6;July;Monday
USA;9;8;1;5;Jun-Aug;Couples;YES;YES;NO;YES;YES;YES;The Westin las Vegas Hotel Casino & Spa;4;826;North America;6;July;Monday
USA;23;21;22;3;Jun-Aug;Families;YES;YES;NO;YES;YES;YES;The Westin las Vegas Hotel Casino & Spa;4;826;North America;7;August;Wednesday
USA;21;6;3;4;Jun-Aug;Couples;YES;YES;NO;YES;YES;YES;The Westin las Vegas Hotel Casino & Spa;4;826;North America;5;August;Tuesday
USA;30;27;19;5;Sep-Nov;Solo;YES;YES;NO;YES;YES;YES;The Westin las Vegas Hotel Casino & Spa;4;826;North America;6;September;Friday
USA;63;16;59;3;Sep-Nov;Couples;YES;YES;NO;YES;YES;YES;The Westin las Vegas Hotel Casino & Spa;4;826;North America;11;September;Wednesday
UK;35;3;25;5;Sep-Nov;Couples;YES;YES;NO;YES;YES;YES;The Westin las Vegas Hotel Casino & Spa;4;826;Europe;1;October;Monday
UK;15;4;8;5;Sep-Nov;Couples;YES;YES;NO;YES;YES;YES;The Westin las Vegas Hotel Casino & Spa;4;826;Europe;1;October;Sunday
Canada;50;13;29;4;Sep-Nov;Couples;YES;YES;NO;YES;YES;YES;The Westin las Vegas Hotel Casino & Spa;4;826;North America;8;November;Thursday
USA;154;23;31;4;Sep-Nov;Friends;YES;YES;NO;YES;YES;YES;The Westin las Vegas Hotel Casino & Spa;4;826;North America;4;November;Thursday
USA;9;6;5;2;Dec-Feb;Families;YES;YES;NO;YES;YES;YES;The Westin las Vegas Hotel Casino & Spa;4;826;North America;9;December;Wednesday
USA;20;19;112;4;Dec-Feb;Families;YES;YES;NO;YES;YES;YES;The Westin las Vegas Hotel Casino & Spa;4;826;North America;5;December;Tuesday
